arv1,dn33#171,,
arv2,dn33#172,,
arv3,mn115#4,,
arv3,sn14.1,1,
arv3,pp1#5,,
arv4,ya3.1.1#1,,
arv4,vb18#4,,
arv4,ds2.3.3#398,,
arv4,mn137#3-mn137#4,1,
arv4,mn148#3-mn148#4,1,
arv4,dn33#204-dn33#205,1,
arv5,sn12.2,,
arv6,sn56.1#4,,
arv7,sn45.8,,
arv8,pp1.1#7,,
arv8,vb5#1,,
arv8,vb18#7,,
arv9,dn33#112,,
arv10,dn33#118,,
arv11,an4.162,,
arv12,an4.41,,
arv13,sn47.24,,
arv14,dn33#110,,
arv15,dn33#111,,
arv17,an5.13,,
arv18,vb10#17-18,,
arv20,sn54.1,1,
arv21,sn55.46,,
arv22,an10.21,1,
arv23,an4.8,,
arv24,vb15#1,,
arv26,dn33,1,
arv26,ma59,1,
